{"cameraMode":{"drawMode":0,"name":"Shaded","section":"Shading Mode"},"sceneLighting":true,"audioPlay":false,"sceneViewState":{"m_AlwaysRefresh":false,"showFog":true,"showSkybox":true,"showFlares":true,"showImageEffects":true,"showParticleSystems":true,"showVisualEffectGraphs":true,"m_FxEnabled":true},"in2DMode":false,"pivot":{"x":0.29243266582489016,"y":-5.373766899108887,"z":9.816624641418457},"rotation":{"x":-0.3240794837474823,"y":-0.03773585706949234,"z":0.012938658706843853,"w":-0.9451919794082642},"size":14.592293739318848,"orthographic":false}